"2025-03-25T20:04:56.980Z",1
"2025-03-25T20:05:01.906Z",1
"2025-03-25T20:05:06.901Z",1
"2025-03-25T20:05:12.058Z",1
"2025-03-25T20:05:16.918Z",1
"2025-03-25T20:05:23.102Z",1
"2025-03-25T20:05:26.927Z",1
"2025-03-25T20:05:31.883Z",1
"2025-03-25T20:05:37.003Z",1
"2025-03-25T20:05:41.915Z",1
"2025-03-25T20:05:46.963Z",1
"2025-03-25T20:05:51.954Z",1
"2025-03-25T20:05:56.902Z",1
"2025-03-25T20:06:01.920Z",1
"2025-03-25T20:06:06.925Z",1
"2025-03-25T20:06:46.313Z",1
"2025-03-25T20:07:46.391Z",1
"2025-03-25T20:08:45.659Z",1
